run_timestamp,scenario_name,runtime_seconds,status
2026-05-13 16:47:55,Baseline,0.02,Success
2026-05-13 16:58:37,Baseline,0.01,Success
2026-05-13 17:01:02,Baseline,0.01,Success
2026-05-13 17:02:49,Baseline,0.01,Success
2026-05-13 17:04:03,Baseline,0.01,Success
2026-05-13 17:06:14,Baseline,0.01,Success
2026-05-13 17:18:31,Baseline,0.0,Failed
2026-05-13 17:21:57,Baseline,0.0,Failed
2026-05-13 17:25:24,Baseline,0.01,Failed
2026-05-13 17:31:14,Baseline,0.01,Failed
2026-05-13 17:34:24,Baseline,0.02,Success
2026-05-13 17:39:17,Baseline,0.02,Success
2026-05-13 17:42:15,Baseline,0.02,Success
2026-05-13 17:42:29,Baseline,0.02,Success
2026-05-13 17:43:54,Baseline,0.02,Success
2026-05-13 17:46:21,Baseline,0.02,Success
2026-05-13 19:11:04,Baseline,0.02,Success
2026-05-13 19:13:11,Baseline,0.02,Success
2026-05-13 19:20:22,Baseline,0.02,Success
2026-05-13 19:27:33,Baseline,0.02,Success
2026-05-13 19:33:03,Baseline,0.02,Success
2026-05-13 19:38:34,Baseline,0.02,Success
2026-05-13 19:42:15,Baseline,0.02,Success
2026-05-13 19:50:36,Baseline,0.02,Success
2026-05-13 19:51:37,Baseline,0.02,Success
2026-05-13 20:00:00,Baseline,0.02,Success
2026-05-13 20:01:08,Baseline,0.02,Success
2026-05-13 20:06:11,Baseline,0.02,Success
2026-05-13 20:08:00,Baseline,0.02,Success
2026-05-13 20:10:08,Baseline,0.01,Success
2026-05-13 20:12:55,Baseline,0.01,Success
2026-05-14 12:20:35,Baseline,0.0,Failed
2026-05-14 12:25:28,Baseline,0.0,Failed
2026-05-14 12:57:57,Baseline,0.01,Failed
2026-05-14 13:00:03,Baseline,0.01,Failed
2026-05-14 13:02:29,Baseline,0.01,Failed
2026-05-14 13:06:24,Baseline,0.02,Failed
2026-05-14 13:08:45,Baseline,0.01,Success
2026-05-14 13:26:57,Baseline,0.01,Success
2026-05-14 13:30:04,Baseline,0.01,Success
2026-05-14 13:34:35,Baseline,0.01,Success
2026-05-14 13:38:53,Baseline,0.01,Success
2026-05-14 13:47:25,Baseline,0.01,Success
2026-05-14 14:03:34,Baseline,0.01,Success
2026-05-14 14:36:06,Baseline,0.01,Success
2026-05-14 14:59:06,Baseline,0.02,Success
2026-05-14 15:00:07,Baseline,0.02,Success
2026-05-14 15:02:35,Baseline,0.02,Success
2026-05-14 15:29:42,Baseline,0.02,Success
2026-05-14 15:29:45,Baseline,0.02,Success
2026-05-14 15:29:50,Baseline,0.02,Success
2026-05-14 16:30:16,Baseline,0.02,Success
2026-05-15 09:51:13,Baseline,0.02,Success
2026-05-15 11:04:41,Baseline,0.02,Success
2026-05-15 13:37:41,Baseline,0.02,Success
2026-05-15 13:56:33,Baseline,0.02,Success
2026-05-15 14:12:48,Baseline,0.02,Success
2026-05-15 14:18:04,Baseline,0.02,Success
2026-05-15 15:34:42,Baseline,0.02,Success
2026-05-15 15:37:41,Baseline,0.02,Success
2026-05-15 15:54:55,Baseline,0.0,Failed
2026-05-15 15:57:39,Baseline,0.0,Failed
2026-05-15 16:07:20,Baseline,0.02,Success
2026-05-15 16:23:03,Baseline,0.02,Failed
2026-05-15 16:27:36,Baseline,0.02,Success
2026-05-15 16:33:45,Baseline,0.02,Success
2026-05-15 16:40:38,Baseline,0.02,Success
2026-05-15 18:16:41,Baseline,0.0,Failed
2026-05-15 18:18:05,Baseline,0.01,Failed
2026-05-15 18:19:41,Baseline,1.53,Success
2026-05-15 18:24:34,Baseline,1.56,Success
2026-05-15 18:34:03,Baseline,1.56,Success
2026-05-15 20:41:39,Baseline,1.63,Success
2026-05-15 20:43:06,Baseline,1.59,Success
2026-05-15 20:43:51,Baseline,1.6,Success
2026-05-15 20:44:43,Baseline,1.58,Success
2026-05-15 20:59:22,Baseline,1.59,Success
2026-05-16 12:11:49,Baseline,1.55,Success
2026-05-16 12:31:06,Baseline,1.57,Success
2026-05-16 12:44:38,Baseline,1.58,Success
2026-05-16 12:47:37,Baseline,1.57,Success
2026-05-16 13:59:39,Baseline,1.55,Success
2026-05-16 14:02:26,Baseline,1.59,Success
2026-05-16 14:07:11,Baseline,1.55,Success
2026-05-16 15:58:20,Baseline,0.0,Failed
2026-05-16 15:58:23,Baseline,0.0,Failed
2026-05-16 15:59:49,Baseline,0.0,Failed
2026-05-16 15:59:51,Baseline,0.0,Failed
2026-05-16 16:00:03,Baseline,0.0,Failed
2026-05-16 16:14:44,Baseline,0.0,Failed
2026-05-16 16:20:45,Baseline,0.0,Failed
2026-05-16 16:23:16,Baseline,0.0,Failed
2026-05-16 16:23:18,Baseline,0.0,Failed
2026-05-16 16:23:21,Baseline,0.0,Failed
2026-05-16 16:23:36,Baseline,0.0,Failed
2026-05-16 16:31:46,Baseline,1.63,Success
2026-05-16 16:38:24,Baseline,1.57,Success
2026-05-16 17:06:57,Baseline,1.61,Success
2026-05-16 17:09:56,Baseline,1.61,Success
2026-05-16 17:12:29,Baseline,1.59,Success
2026-05-17 12:55:56,Baseline,1.55,Success
2026-05-17 14:29:41,Baseline,1.82,Success
2026-05-17 14:31:35,Baseline,1.68,Success
2026-05-17 16:31:09,Baseline,1.62,Success
2026-05-18 11:16:10,Baseline,1.56,Success
2026-05-18 12:58:12,Baseline,1.56,Success
2026-05-18 14:19:00,Baseline,1.59,Success
2026-05-18 14:55:27,Baseline,1.58,Success
2026-05-18 20:06:13,Baseline,1.56,Success
2026-05-19 11:25:14,Baseline,1.56,Success
2026-05-19 11:29:48,Baseline,1.56,Success
2026-05-19 11:38:20,Baseline,1.6,Success
2026-05-19 11:44:10,Baseline,1.59,Success
2026-05-19 11:58:32,Baseline,1.56,Success
2026-05-19 12:37:48,Baseline,1.6,Success
2026-05-19 12:40:20,Baseline,1.61,Success
2026-05-19 13:32:21,Baseline,1.62,Success
2026-05-19 15:36:14,Baseline,1.6,Success
2026-05-19 15:42:20,Baseline,1.59,Success
2026-05-19 15:55:58,Baseline,1.57,Success
2026-05-19 15:58:26,Baseline,1.65,Success
2026-05-19 16:22:05,Baseline,1.59,Success
2026-05-22 09:54:21,Baseline,1.55,Success
2026-05-22 10:14:54,Baseline,1.57,Success
2026-05-22 12:40:10,Baseline,0.57,Success
2026-05-22 16:09:44,Baseline,0.52,Success
2026-05-22 16:10:01,Baseline,0.53,Success
2026-05-22 16:18:38,Baseline,0.55,Success
2026-05-22 16:18:52,Baseline,0.54,Success
2026-05-22 16:19:24,Baseline,0.58,Success
2026-05-22 16:21:47,Baseline,0.52,Success
2026-05-22 16:35:40,Baseline,0.53,Success
2026-05-22 16:41:28,Baseline,0.53,Success
2026-05-22 16:48:59,Baseline,0.52,Success
2026-05-22 16:51:32,Baseline,0.53,Success
2026-05-22 16:51:47,Baseline,0.55,Success
2026-05-22 19:24:25,Baseline,0.88,Success
2026-05-22 19:44:15,Baseline,0.87,Success
2026-05-22 19:49:53,Baseline,0.87,Success
2026-05-22 20:20:04,Baseline,0.88,Success
2026-05-22 20:27:04,Baseline,0.88,Success
2026-05-23 11:58:03,Baseline,0.91,Success
2026-05-23 12:05:49,Baseline,0.86,Success
2026-05-23 12:39:02,Baseline,0.87,Success
2026-05-23 12:53:04,Baseline,0.87,Success
2026-05-23 12:55:18,Baseline,0.86,Success
2026-05-23 13:04:11,Baseline,0.91,Success
2026-05-23 13:30:03,Baseline,0.88,Success
2026-05-25 13:41:54,Baseline,0.9,Success
2026-05-27 11:27:15,Baseline,0.87,Success
2026-05-27 12:39:07,Baseline,0.89,Success
2026-05-27 12:47:30,Baseline,0.91,Success
2026-05-27 13:04:54,Baseline,0.88,Success
2026-05-27 13:07:56,Baseline,0.89,Success
2026-05-27 14:00:12,Baseline,0.89,Success
2026-05-27 14:22:17,Baseline,0.01,Failed
2026-05-27 14:47:04,Baseline,0.01,Failed
2026-05-27 14:49:25,Baseline,0.01,Failed
2026-05-27 14:54:09,Baseline,0.01,Failed
2026-05-27 15:14:37,Baseline,0.01,Failed
2026-05-27 15:16:36,Baseline,0.01,Failed
2026-05-27 15:17:33,Baseline,0.88,Success
2026-05-27 15:21:32,Baseline,0.87,Success
2026-05-27 15:28:51,Baseline,0.86,Success
2026-05-27 15:32:56,Baseline,0.87,Success
2026-05-27 15:53:27,Baseline,0.87,Success
2026-05-27 16:07:34,Baseline,0.88,Success
2026-05-27 16:11:23,Baseline,0.89,Success
2026-05-27 16:16:26,Baseline,0.88,Success
2026-05-27 16:18:44,Baseline,0.89,Success
2026-05-27 16:22:33,Baseline,0.89,Success
2026-05-27 16:29:43,Baseline,0.9,Success
2026-05-27 16:33:18,Baseline,0.93,Success
2026-05-27 16:39:24,Baseline,0.87,Success
2026-05-27 16:48:06,Baseline,0.87,Success
2026-05-27 16:49:57,Baseline,0.88,Success
2026-05-27 16:55:57,Baseline,0.88,Success
2026-05-27 17:39:06,Baseline,0.86,Success
2026-05-27 17:48:56,Baseline,0.88,Success
2026-05-27 17:54:03,Baseline,0.87,Success
2026-05-27 17:57:45,Baseline,0.88,Success
2026-05-27 18:02:32,Baseline,0.89,Success
2026-05-27 18:04:44,Baseline,0.98,Success
2026-05-27 18:22:20,Baseline,0.88,Success
2026-05-27 18:34:39,Baseline,0.89,Success
2026-05-27 18:40:53,Baseline,0.88,Success
2026-05-27 18:41:01,Baseline,1.02,Success
2026-05-27 19:03:31,Baseline,0.88,Success
2026-05-27 19:50:52,Baseline,0.88,Success
2026-05-27 19:58:10,Baseline,0.88,Success
2026-05-27 20:08:26,Baseline,0.88,Success
2026-05-27 20:10:38,Baseline,0.87,Success
2026-05-27 20:11:13,Baseline,0.88,Success
2026-05-27 20:16:03,Baseline,0.88,Success
2026-05-27 20:19:29,Baseline,0.88,Success
2026-05-27 20:24:21,Baseline,0.87,Success
2026-05-27 20:29:38,Baseline,0.88,Success
2026-05-27 20:37:54,Baseline,0.87,Success
2026-05-27 20:41:40,Baseline,0.92,Success
2026-05-27 20:43:55,Baseline,0.89,Success
2026-05-28 16:39:30,Baseline,0.9,Success
2026-05-28 16:52:31,Baseline,0.89,Success
2026-05-28 16:52:43,Baseline,0.89,Success
2026-05-28 17:00:24,Baseline,0.9,Success
2026-05-28 17:00:32,Baseline,0.88,Success
2026-05-28 17:15:09,Baseline,0.89,Success
2026-05-28 17:16:12,Baseline,0.89,Success
2026-05-28 17:16:18,Baseline,0.94,Success
2026-05-28 17:22:56,Baseline,0.91,Success
2026-05-28 17:23:10,Baseline,0.92,Success
2026-05-28 17:23:15,Baseline,0.9,Success
2026-05-28 17:23:35,Baseline,0.93,Success
2026-05-28 17:23:44,Baseline,0.92,Success
2026-05-28 17:23:58,Baseline,0.9,Success
2026-05-28 20:02:32,Baseline,0.88,Success
2026-05-29 10:15:31,Baseline,0.85,Success
2026-05-29 20:38:52,Baseline,0.04,Success
2026-05-29 20:38:54,Baseline,0.04,Success
2026-05-29 20:39:43,Baseline,0.03,Success
2026-05-29 21:00:46,Baseline,0.03,Success
2026-05-29 21:02:07,Baseline,0.9,Success
2026-05-29 21:07:45,Baseline,0.03,Success
2026-05-29 21:07:51,Baseline,0.93,Success
2026-05-29 21:08:20,Baseline,0.03,Success
2026-05-29 21:08:25,Baseline,0.99,Success
2026-05-29 21:08:28,Baseline,1.01,Success
2026-05-30 13:20:32,Baseline,1.18,Success
2026-05-30 16:22:56,Baseline,1.21,Success
2026-05-30 16:31:07,Baseline,0.54,Failed
2026-05-30 16:37:57,Baseline,0.57,Success
2026-05-30 16:43:11,Baseline,0.55,Success
2026-05-30 16:48:41,Baseline,0.58,Success
2026-05-30 16:48:46,Baseline,0.58,Success
2026-05-30 16:58:11,Baseline,0.57,Success
2026-05-30 17:09:25,Baseline,0.6,Success
2026-05-30 17:13:40,Baseline,0.58,Success
2026-05-30 17:14:23,Baseline,0.58,Success
2026-05-30 17:27:02,Baseline,0.59,Success
2026-05-30 17:27:08,Baseline,0.6,Success
2026-05-30 18:38:35,Baseline,0.61,Success
2026-05-30 18:39:24,Baseline,0.58,Success
2026-05-30 18:40:05,Baseline,0.59,Success
2026-05-30 18:40:09,Baseline,0.58,Success
2026-05-30 18:58:33,Baseline,0.57,Success
2026-05-30 18:59:14,Baseline,0.55,Success
2026-05-30 18:59:18,Baseline,0.55,Success
2026-05-30 19:59:54,Baseline,0.58,Success
2026-05-30 19:59:55,Baseline,0.58,Success
2026-05-30 20:18:30,Baseline,0.58,Success
2026-05-30 20:20:33,Baseline,0.58,Success
2026-05-30 20:23:20,Baseline,0.59,Success
2026-05-30 20:25:58,Baseline,0.1,Failed
2026-05-30 20:31:03,Baseline,0.58,Success
2026-05-30 20:37:10,Baseline,0.59,Success
2026-05-30 20:50:20,Baseline,0.62,Success
2026-05-30 21:09:37,Baseline,0.58,Success
2026-06-01 12:58:28,Baseline,0.57,Success
2026-06-01 12:58:49,Baseline,0.59,Success
2026-06-01 12:59:01,Baseline,0.59,Success
2026-06-01 14:12:05,Baseline,0.58,Success
2026-06-01 14:15:09,Baseline,0.64,Success
2026-06-01 14:15:12,Baseline,0.66,Success
2026-06-01 14:15:14,Baseline,0.04,Success
2026-06-01 14:21:13,Baseline,0.66,Success
2026-06-01 14:21:14,Baseline,0.62,Success
2026-06-01 14:29:19,Baseline,0.59,Success
2026-06-01 14:32:19,Baseline,0.58,Success
2026-06-01 14:32:25,Baseline,0.57,Success
2026-06-01 15:33:41,Baseline,0.58,Success
2026-06-01 15:35:48,Baseline,0.59,Success
2026-06-01 15:40:35,Baseline,0.57,Success
2026-06-01 15:44:08,Baseline,0.6,Success
2026-06-01 15:46:41,Baseline,0.59,Success
2026-06-01 15:49:20,Baseline,0.63,Success
2026-06-01 15:49:24,Baseline,0.67,Success
2026-06-01 16:36:57,Baseline,0.61,Success
2026-06-01 16:37:17,Baseline,0.6,Success
2026-06-01 17:22:35,Baseline,0.61,Success
2026-06-01 17:35:01,Baseline,0.04,Success
2026-06-01 17:42:16,Baseline,0.6,Success
2026-06-01 17:56:54,Baseline,0.59,Success
2026-06-01 17:57:01,Baseline,0.03,Success
2026-06-01 17:57:10,Baseline,0.03,Success
2026-06-01 18:14:44,Baseline,0.57,Success
2026-06-01 18:17:42,Baseline,0.59,Success
2026-06-01 19:08:12,Baseline,0.03,Success
2026-06-01 19:48:40,Baseline,0.57,Success
2026-06-01 19:51:32,Baseline,0.57,Success
2026-06-03 14:32:36,Baseline,0.58,Success
2026-06-03 14:44:58,Baseline,0.58,Success
2026-06-03 14:45:03,Baseline,0.59,Success
2026-06-03 14:58:43,Baseline,0.56,Success
2026-06-03 14:58:46,Baseline,0.56,Success
2026-06-03 17:45:18,Baseline,0.56,Success
2026-06-03 17:46:37,Baseline,0.57,Success
2026-06-03 17:47:39,Baseline,0.57,Success
2026-06-03 17:48:03,Baseline,0.58,Success
2026-06-03 18:11:55,Baseline,0.57,Success
2026-06-03 18:12:03,Baseline,0.6,Success
2026-06-03 18:12:10,Baseline,0.62,Success
2026-06-03 18:12:15,Baseline,0.59,Success
2026-06-03 18:12:24,Baseline,0.67,Success
2026-06-03 18:12:38,Baseline,0.58,Success
2026-06-03 18:35:05,Baseline,0.6,Success
2026-06-03 18:35:10,Baseline,0.6,Success
2026-06-03 18:43:49,Baseline,0.59,Success
2026-06-03 18:43:53,Baseline,0.63,Success
2026-06-03 20:08:38,Baseline,0.66,Success
2026-06-03 20:08:49,Baseline,0.59,Success
2026-06-03 20:14:57,Baseline,0.59,Success
2026-06-04 11:07:49,Baseline,0.56,Success
2026-06-04 11:30:51,Baseline,0.58,Success
2026-06-04 11:54:25,Baseline,0.59,Success
2026-06-04 11:58:17,Baseline,0.57,Success
2026-06-04 11:58:49,Baseline,0.56,Success
2026-06-05 20:17:15,Baseline,0.57,Success
2026-06-06 15:17:23,Baseline,0.62,Success
2026-06-06 15:20:30,Baseline,0.58,Success
2026-06-06 15:35:47,Baseline,0.57,Success
2026-06-06 15:46:25,Baseline,0.58,Success
2026-06-06 15:49:13,Baseline,0.56,Success
2026-06-06 15:58:53,Baseline,0.57,Success
2026-06-06 16:05:27,Baseline,0.8,Success
2026-06-06 16:08:46,Baseline,0.57,Success
2026-06-06 17:06:59,Baseline,0.57,Success
2026-06-06 17:08:00,Baseline,0.58,Success
2026-06-06 17:13:08,Baseline,0.57,Success
2026-06-06 17:15:38,Baseline,0.62,Success
2026-06-06 17:25:08,Baseline,0.57,Success
2026-06-06 17:27:45,Baseline,0.59,Success
2026-06-06 17:31:25,Baseline,0.59,Success
2026-06-06 17:38:28,Baseline,0.58,Success
2026-06-06 17:40:03,Baseline,0.59,Success
2026-06-06 17:45:30,Baseline,0.58,Success
2026-06-06 17:55:53,Baseline,0.58,Success
2026-06-06 18:03:13,Baseline,0.58,Success
2026-06-06 18:25:40,Baseline,0.7,Success
2026-06-06 19:02:28,Baseline,0.64,Success
2026-06-06 19:04:34,Baseline,0.61,Success
2026-06-07 20:09:28,Baseline,0.57,Success
2026-06-07 21:04:15,Baseline,0.58,Success
2026-06-07 21:27:39,Baseline,0.55,Success
2026-06-08 11:25:44,Baseline,0.55,Success
2026-06-08 11:26:46,Baseline,0.56,Success
